{
  "steady_low": {
    "test_name": "steady_low",
    "total_requests": 300,
    "successful_requests": 290,
    "success_rate": 0.9666666666666667,
    "avg_latency": 5.759255467612168,
    "median_latency": 5.48672616481781,
    "p95_latency": 9.203244292736056,
    "p99_latency": 19.524963102340703,
    "min_latency": 1.6490485668182373,
    "max_latency": 21.346051692962646,
    "throughput": 4.842512504478241
  },
  "steady_high": {
    "test_name": "steady_high",
    "total_requests": 1200,
    "successful_requests": 1140,
    "success_rate": 0.95,
    "avg_latency": 14.763592755376248,
    "median_latency": 14.940277576446533,
    "p95_latency": 23.33738474845886,
    "p99_latency": 27.893740518093107,
    "min_latency": 4.374139070510864,
    "max_latency": 29.951983213424683,
    "throughput": 19.005715423971697
  },
  "burst": {
    "test_name": "burst",
    "total_requests": 1150,
    "successful_requests": 1150,
    "success_rate": 1.0,
    "avg_latency": 12.751194986882417,
    "median_latency": 13.623535752296448,
    "p95_latency": 17.296810805797577,
    "p99_latency": 17.811240561008454,
    "min_latency": 1.0073137283325195,
    "max_latency": 18.42580485343933,
    "throughput": 12.862270013555937
  },
  "diurnal": {
    "test_name": "diurnal",
    "total_requests": 3669,
    "successful_requests": 3588,
    "success_rate": 0.9779231398201145,
    "avg_latency": 13.92355868037595,
    "median_latency": 13.806204795837402,
    "p95_latency": 23.258991360664364,
    "p99_latency": 28.373049321174623,
    "min_latency": 4.162976026535034,
    "max_latency": 35.3044810295105,
    "throughput": 30.564835487714916
  }
}