{
  "test_name": "burst",
  "total_requests": 1170,
  "successful_requests": 1098,
  "success_rate": 0.9384615384615385,
  "avg_latency": 15.789929817500227,
  "median_latency": 15.58880615234375,
  "p95_latency": 21.29336936473846,
  "p99_latency": 23.33129019737242,
  "min_latency": 0.5857574939727783,
  "max_latency": 30.43523931503296,
  "throughput": 12.394306783878706
}