{
  "test_name": "burst",
  "total_requests": 1150,
  "successful_requests": 1150,
  "success_rate": 1.0,
  "avg_latency": 12.751194986882417,
  "median_latency": 13.623535752296448,
  "p95_latency": 17.296810805797577,
  "p99_latency": 17.811240561008454,
  "min_latency": 1.0073137283325195,
  "max_latency": 18.42580485343933,
  "throughput": 12.862270013555937
}