{
  "test_name": "diurnal",
  "total_requests": 3592,
  "successful_requests": 3474,
  "success_rate": 0.9671492204899778,
  "avg_latency": 13.435819242971,
  "median_latency": 13.260032296180725,
  "p95_latency": 22.254355406761167,
  "p99_latency": 27.832666292190552,
  "min_latency": 3.986579418182373,
  "max_latency": 30.054609060287476,
  "throughput": 48.16559733135244
}