{
  "steady_low": {
    "test_name": "steady_low",
    "total_requests": 300,
    "successful_requests": 300,
    "success_rate": 1.0,
    "avg_latency": 4.015437926451365,
    "median_latency": 4.130103826522827,
    "p95_latency": 5.07775309085846,
    "p99_latency": 5.946988227367399,
    "min_latency": 1.89398193359375,
    "max_latency": 7.141061305999756,
    "throughput": 5.000946780476606
  },
  "steady_high": {
    "test_name": "steady_high",
    "total_requests": 1200,
    "successful_requests": 628,
    "success_rate": 0.5233333333333333,
    "avg_latency": 12.254371109282134,
    "median_latency": 12.639414429664612,
    "p95_latency": 16.46646054983139,
    "p99_latency": 19.351658065319064,
    "min_latency": 4.125559568405151,
    "max_latency": 29.059422492980957,
    "throughput": 19.022157472022613
  },
  "burst": {
    "test_name": "burst",
    "total_requests": 1170,
    "successful_requests": 0,
    "success_rate": 0,
    "error": "No successful requests"
  },
  "diurnal": {
    "test_name": "diurnal",
    "total_requests": 3758,
    "successful_requests": 0,
    "success_rate": 0,
    "error": "No successful requests"
  }
}