{
  "test_name": "steady_low",
  "total_requests": 300,
  "successful_requests": 300,
  "success_rate": 1.0,
  "avg_latency": 4.015437926451365,
  "median_latency": 4.130103826522827,
  "p95_latency": 5.07775309085846,
  "p99_latency": 5.946988227367399,
  "min_latency": 1.89398193359375,
  "max_latency": 7.141061305999756,
  "throughput": 5.000946780476606
}