{
  "test_name": "steady_high",
  "total_requests": 1200,
  "successful_requests": 628,
  "success_rate": 0.5233333333333333,
  "avg_latency": 12.254371109282134,
  "median_latency": 12.639414429664612,
  "p95_latency": 16.46646054983139,
  "p99_latency": 19.351658065319064,
  "min_latency": 4.125559568405151,
  "max_latency": 29.059422492980957,
  "throughput": 19.022157472022613
}