{
  "steady_low": {
    "test_name": "steady_low",
    "total_requests": 300,
    "successful_requests": 300,
    "success_rate": 1.0,
    "avg_latency": 3.834490825335185,
    "median_latency": 3.3475981950759888,
    "p95_latency": 7.032176673412324,
    "p99_latency": 7.756632785797109,
    "min_latency": 1.2272086143493652,
    "max_latency": 8.871318578720093,
    "throughput": 5.008209433280582
  },
  "steady_high": {
    "test_name": "steady_high",
    "total_requests": 1200,
    "successful_requests": 1137,
    "success_rate": 0.9475,
    "avg_latency": 12.647930152812545,
    "median_latency": 12.482727766036987,
    "p95_latency": 20.215955305099488,
    "p99_latency": 25.50640501022339,
    "min_latency": 1.596254587173462,
    "max_latency": 29.45124053955078,
    "throughput": 18.958735347746916
  },
  "burst": {
    "test_name": "burst",
    "total_requests": 1147,
    "successful_requests": 1100,
    "success_rate": 0.9590235396687009,
    "avg_latency": 12.703613619370895,
    "median_latency": 12.571795105934143,
    "p95_latency": 22.790099501609802,
    "p99_latency": 26.408666093349456,
    "min_latency": 0.5869183540344238,
    "max_latency": 27.49430274963379,
    "throughput": 12.479933612236144
  },
  "diurnal": {
    "test_name": "diurnal",
    "total_requests": 3713,
    "successful_requests": 3003,
    "success_rate": 0.8087799622946404,
    "avg_latency": 14.580782386647675,
    "median_latency": 14.219666957855225,
    "p95_latency": 26.28157341480255,
    "p99_latency": 29.000851125717162,
    "min_latency": 2.0775539875030518,
    "max_latency": 44.09388732910156,
    "throughput": 57.10440370315781
  }
}