{
  "test_name": "diurnal",
  "total_requests": 3627,
  "successful_requests": 2979,
  "success_rate": 0.8213399503722084,
  "avg_latency": 14.858762989351517,
  "median_latency": 14.28145718574524,
  "p95_latency": 26.888856220245362,
  "p99_latency": 29.688638095855712,
  "min_latency": 1.2157766819000244,
  "max_latency": 30.362919807434082,
  "throughput": 24.836682629139755
}