{
  "test_name": "steady_high",
  "total_requests": 1200,
  "successful_requests": 1137,
  "success_rate": 0.9475,
  "avg_latency": 12.647930152812545,
  "median_latency": 12.482727766036987,
  "p95_latency": 20.215955305099488,
  "p99_latency": 25.50640501022339,
  "min_latency": 1.596254587173462,
  "max_latency": 29.45124053955078,
  "throughput": 18.958735347746916
}