{
  "test_name": "steady_low",
  "total_requests": 300,
  "successful_requests": 300,
  "success_rate": 1.0,
  "avg_latency": 3.912645487785339,
  "median_latency": 3.8808364868164062,
  "p95_latency": 4.966326570510865,
  "p99_latency": 9.624650230407712,
  "min_latency": 1.335270643234253,
  "max_latency": 10.945300817489624,
  "throughput": 5.010541723108161
}